Company Name,Contact Number,Location/Address,Industry/Category,Email Address,City
Aditi Compunet,N/A,"Office No - 520 , 5th Floor, Noida Sector 18, Noida - 201301, Above Maruti Suzuki Showroom",Marketing Agencies,N/A,delhi
Adonai Graphics & Media Wor..,N/A,"Door No: 1-1-571, Gandhi Nagar, Golconda X Roads, Hyderabad - 500020, Beside Hebron Church Near Rtc X Roads",Marketing Agencies,N/A,hyderabad
Arp It Solutions,N/A,"Office No 6, Acme Industrial Park, I B Patel Road, Goregaon East, Mumbai - 400063, Near The Fern",Marketing Agencies,N/A,mumbai
Axiom Infotech Pvt Ltd,N/A,"New No 7, 2A. Saikriba Dev Appt,(Canara Bank Building) 2nd F, 1st Main Road,Kasturba Nagar,, Adyar, Chennai - 600020, Canara Bank Building,Opp to Reliance Trendz,",Marketing Agencies,N/A,chennai
Bharat Gps Tracker,N/A,"House No 23-49/12, Madhapur, Hyderabad - 500081",Marketing Agencies,N/A,hyderabad
Bits N Byte Computer and Ne..,N/A,"Siddheshwar C.H.S Plot No. 105 Shop. 201, Vashi Station Road, Kopar Khairane, Navi Mumbai - 400709, Near Varishta Hotel",Marketing Agencies,N/A,mumbai
Brightek Solutions,N/A,"Anantibai Devidas Kuril Chawl, Amba Wadi, SV Road, Dahisar East, Mumbai - 400068, Near Amba Wadi",Marketing Agencies,N/A,mumbai
Briltus Services,N/A,"Level-1, Spacion Towers, Madhapur, Hyderabad - 500081, Near to Westin Hotel",Marketing Agencies,N/A,hyderabad
Corebyte System Pvt Ltd,N/A,"217, Cama Industrial Estate, Sunmill Compound, Sitaram Jadhav Marg,, Lower Parel, Mumbai - 400013",Marketing Agencies,N/A,mumbai
Cvr Enterprises,N/A,"Building No-203/1, 5th Cross, K. N Extension, Yeshwanthpur, Bangalore - 560022, Near Priyadarshini Hotel",Marketing Agencies,N/A,bangalore
Design Blocks,N/A,"Main Road, Hitech City, Hyderabad - 500081, Near By D Mart",Marketing Agencies,N/A,hyderabad
Fast-Five Network Solutions,N/A,"(Office 1: Nalasopara East) (Office 2: Goregaon East) Head Office:7A Rajiv Gandhi Complex, Old Link Road, Kandivali West, Mumbai - 400067, Opposite Ashish Hotel",Marketing Agencies,N/A,mumbai
Fcoos Technologies Pvt Ltd,N/A,"No.3/7-5, 1st Floor, 3rd Cross, (Off. Hosur Road, Old Name), Off. Dr/ M.H.Marriyappa Road, Madiwala Post, 2nd Block, Koramangala, Bangalore - 560034, Opposite to Manappuram Gold Loan",Marketing Agencies,N/A,bangalore
Fcoos Technologies Pvt Ltd,N/A,"Hi - Techno Sai Krish, Block 1, Flat G2, Plot No: 85, 4th Main Road, CBI Colony, Kandanchavadi, Chennai - 600096",Marketing Agencies,N/A,chennai
Gsna Education,N/A,"Main Road, Near Mahankali Temple, Uppal, Hyderabad - 500039",Marketing Agencies,N/A,hyderabad
Gventure Technology Pvt Ltd,N/A,"NX One, Noida Extension, Noida - 201305, Gaur City",Marketing Agencies,N/A,delhi
IZAR Technology Solutions,N/A,"No.35, Level 1, Business Center, Central Street, Infantry Road, Bangalore - 560001",Marketing Agencies,N/A,bangalore
Lantrn Marketing,N/A,"Brigade IRV 9TH Floor, Nallurhalli Road, Whitefield, Bangalore - 560066",Marketing Agencies,N/A,bangalore
Layots Technologies Pvt Ltd,N/A,"No 301/302, 3rd Floor, Sarjapur Main Road, Doddakannelli, Bangalore - 560035, Near Saket Callipolis,  Insta Office",Marketing Agencies,N/A,bangalore
Live Solution Wale Private ..,N/A,"B-1234 1 Floor, Mukherjee Nagar, Delhi - 110009, Near Chawla Resturant",Marketing Agencies,N/A,delhi
Mashma Computers,N/A,"No 17/19 Nakoda Plaza 1st Floor, Narasingapuram Street, Mount Road, Chennai - 600002, Near to Casino Theatre",Marketing Agencies,N/A,chennai
Media Wagon,N/A,"168 Street 11, 1st Floor, Shaikpet, Hyderabad - 500008, Arvind Nagar Colony",Marketing Agencies,N/A,hyderabad
Megha It Services and Solut..,N/A,"E - 2, Noida Sector 63, Noida - 201301, Public Choki",Marketing Agencies,N/A,delhi
Michtam Tecno Solution Priv..,N/A,"150/89, 2nd Floor, Cisons Complex, Red Cross Road, Egmore, Chennai - 600008",Marketing Agencies,N/A,chennai
Milestone Corporate Service..,N/A,"Flat No 9-1-127/3 A 43, SD ROAD, Secunderabad City, Secunderabad - 500003, Near By Deccan Cronicle Office",Marketing Agencies,N/A,hyderabad
Ncl Systems Private Limited,N/A,"Building No -D-59,Lower Ground Floor, SECTOR-63, Noida Sector 63, Noida - 201301, Main Road",Marketing Agencies,N/A,delhi
Netcom Av Techno Solutions ..,N/A,"No 1/1, 13th Cross Street, Venkateshwara Nagar, Ramapuram, Chennai - 600089, Opp DLF IT Park",Marketing Agencies,N/A,chennai
NRS Systems & Technologies ..,N/A,"No 8, South Kavarai Street, West Mambalam, Chennai - 600033, Near Mettupalayam Bus Stop",Marketing Agencies,N/A,chennai
Om Sai Techno Services Pvt ..,N/A,"4551- 56/16, 1ST FLOOR SHANTI MOHAN HOUSE, ANSARI ROAD, Darya Ganj, Delhi - 110002, Near Happy School",Marketing Agencies,N/A,delhi
Planet Retail,N/A,"B46, Block B NOIDA SECTOR 57, Noida Sector 57, Noida - 201301, Near Green Park",Marketing Agencies,N/A,delhi
Prabhat It Solutions Pvt Lt..,N/A,"No.3/118, Jayanagar, Bangalore - 560011, Near Ganesh Dosa Camp",Marketing Agencies,N/A,bangalore
Printech,N/A,"Ground Floor , Ckp Building, Sb Marg, Dadar West, Mumbai - 400028, Near Station",Marketing Agencies,N/A,mumbai
Ramdas Infotech Pvt Ltd,N/A,"Office Address:-A-441 B, 4th Floor, Tower A, Golden I, Ocean Golden I, Greater Noida, Greater Noida - 201310, Gaur Chowk, Noida Extension",Marketing Agencies,N/A,delhi
S L Networks,N/A,"3rd Cross, 38th Main Road,JP Nagar 6th Phase, Jp Nagar 6th Phase, Bangalore - 560078, Near BANK OF INDIA",Marketing Agencies,N/A,bangalore
Salt Tech Software Services..,N/A,"12 4th Floor Emfotech Business Park, Road No 16, Wagle Industrial Estate, Wagle Industrial Estate-Thane West, Thane - 400604, Opp Old Passport Office",Marketing Agencies,N/A,mumbai
Sg Web App Techniques Pvt L..,N/A,"Hyderabad, Hyderguda, Hyderabad - 500001",Marketing Agencies,N/A,hyderabad
Target Computers,N/A,"No 48, Madipakkam Main Road,, Madipakkam, Chennai - 600091, Near SAI Matriculation School",Marketing Agencies,N/A,chennai
Techbharti,N/A,"Technocity IT Premises, TTC Industrial Area, Mahape MIDC, TTC Industrial Area, Mahape MIDC, Mahape, Navi Mumbai - 400710, Above ICICI Bank, Nr.Sarovar Practico Hotel",Marketing Agencies,N/A,mumbai
Tick Network-Giri Trading A..,N/A,"C/O Giri Trading Agency Private Limited, Mangadu, 372/1 Koot Road, Pattur, Chennai - 600122",Marketing Agencies,N/A,chennai
Versalence,N/A,"No : 720, Ascot , Raja Aristos, Doddakamanahalli Main Road, Hulimavu, Bangalore - 560076, NR Maruthi Dental College",Marketing Agencies,N/A,bangalore
